label,confidence,xmin_lon,ymin_lat,xmax_lon,ymax_lat
Airstrip,0.8493,-75.32108092736135,-8.432424229379501,-75.3145938869905,-8.436719209621492
Airstrip,0.7743,-75.3461915200885,-8.497477201783921,-75.33714994634616,-8.503099934408397
